Model,Accuracy,AUC,F1-Score
LogisticRegression,0.84375,0.8997975708502026,0.8148148148148148
RandomForest,0.875,0.9159919028340081,0.8461538461538461
XGBoost,0.828125,0.8977732793522267,0.7924528301886793
Stacking,0.859375,0.9129554655870445,0.8301886792452831
